7990192,1974,Men Cut And Sew Drawstring Hoodie,28.00,img.ltwebstatic.com/images3_pi/2021/12/06/1638765044c48027693e5b2123ca4d634658f2368e_thumbnail_405x552.jpg,https://www.shein.com//Men-Cut-And-Sew-Drawstring-Hoodie-p-7990192-cat-1974.html
8095917,2988,SHEIN Men Drawstring Waist Tapered Sweatpants,26.00,img.ltwebstatic.com/images3_pi/2021/12/23/16402244591ded657e12365009702bb196dc3dcc53_thumbnail_405x552.jpg,https://www.shein.com//SHEIN-Men-Drawstring-Waist-Tapered-Sweatpants-p-8095917-cat-2988.html
8187342,1980,SHEIN Men Letter Graphic Two Tone Tee,10.00,img.ltwebstatic.com/images3_pi/2021/12/09/1639014170750efdae5dd946da0235066a62f4a6c4_thumbnail_405x552.jpg,https://www.shein.com//SHEIN-Men-Letter-Graphic-Two-Tone-Tee-p-8187342-cat-1980.html
7836942,1980,Men Figure Graphic Tee,10.00,img.ltwebstatic.com/images3_pi/2021/12/01/163835397108c1fe98e711aaf41f210cf14bbf0a9d_thumbnail_405x552.jpg,https://www.shein.com//Men-Figure-Graphic-Tee-p-7836942-cat-1980.html
5826442,1983,Men Slogan Graphic Contrast Sleeve Bomber Jacket Without Hoodie,31.00,img.ltwebstatic.com/images3_pi/2021/12/27/16405967265e684e74d241c822a2a5d6068d1a51d7_thumbnail_405x552.jpg,https://www.shein.com//Men-Slogan-Graphic-Contrast-Sleeve-Bomber-Jacket-Without-Hoodie-p-5826442-cat-1983.html
5990177,1980,Men Letter & Spaceman Print Tee,12.00,img.ltwebstatic.com/images3_pi/2021/10/19/1634636825e06101da94e137cd6c32c6b0a9e7aa65_thumbnail_405x552.jpg,https://www.shein.com//Men-Letter-Spaceman-Print-Tee-p-5990177-cat-1980.html
7066997,1975,SHEIN Men Slogan and Tropical Print Top & Shorts Set,26.00,img.ltwebstatic.com/images3_pi/2021/11/26/163791801188b1a4b837a202c6485a372be3112596_thumbnail_405x552.jpg,https://www.shein.com//SHEIN-Men-Slogan-and-Tropical-Print-Top-Shorts-Set-p-7066997-cat-1975.html
7314022,1976,Men Flap Pockets Drawstring Cargo Shorts,19.00,img.ltwebstatic.com/images3_pi/2021/11/16/16370509304d1e862ff60f90f76977b305a8e13cb3_thumbnail_405x552.jpg,https://www.shein.com//Men-Flap-Pockets-Drawstring-Cargo-Shorts-p-7314022-cat-1976.html
6282287,1980,Men Letter Graphic Round Neck Tee,11.00,img.ltwebstatic.com/images3_pi/2021/10/25/1635133258744be1d5de6f48ae05ed5de1bd73d964_thumbnail_405x552.jpg,https://www.shein.com//Men-Letter-Graphic-Round-Neck-Tee-p-6282287-cat-1980.html
4917862,1980,SHEIN Men Camo Print Tee,9.00,img.ltwebstatic.com/images3_pi/2021/10/29/16354852134099cfe634cbd48775f8b7d544fb86da_thumbnail_405x552.jpg,https://www.shein.com//SHEIN-Men-Camo-Print-Tee-p-4917862-cat-1980.html
7525342,1980,ROMWE Guys Letter Graphic Tee,13.00,img.ltwebstatic.com/images3_pi/2021/10/29/1635503795c2ba262b72e3700441eb9450ba85d77f_thumbnail_405x552.jpg,https://www.shein.com//ROMWE-Guys-Letter-Graphic-Tee-p-7525342-cat-1980.html
8157002,1974,SHEIN Men Slogan Graphic Sweatshirt,28.00,img.ltwebstatic.com/images3_pi/2021/12/10/1639129858c71f93e516a43bb9475d8d054741c85b_thumbnail_405x552.jpg,https://www.shein.com//SHEIN-Men-Slogan-Graphic-Sweatshirt-p-8157002-cat-1974.html
6478872,1980,SHEIN Men Reflective Bear Print Tee,12.00,img.ltwebstatic.com/images3_pi/2021/10/30/1635564375983eaead9199542440661bceff7d32c4_thumbnail_405x552.jpg,https://www.shein.com//SHEIN-Men-Reflective-Bear-Print-Tee-p-6478872-cat-1980.html
6470947,1974,Men Cartoon & Letter Graphic Drawstring Hoodie,25.00,img.ltwebstatic.com/images3_pi/2021/12/28/164065772112c24f46a5bacb15af4fda5240093d68_thumbnail_405x552.jpg,https://www.shein.com//Men-Cartoon-Letter-Graphic-Drawstring-Hoodie-p-6470947-cat-1974.html
3500775,1978,Men Letter Graphic Flap Pocket Drawstring Waist Cargo Pants,24.00,img.ltwebstatic.com/images3_pi/2021/08/27/163005271711882ebe92cd4e130a6c1da38f6c41e4_thumbnail_405x552.jpg,https://www.shein.com//Men-Letter-Graphic-Flap-Pocket-Drawstring-Waist-Cargo-Pants-p-3500775-cat-1978.html
7779992,1974,SHEIN Men Drop Shoulder Heart & Letter Pattern Drawstring Hoodie,23.00,img.ltwebstatic.com/images3_pi/2021/12/24/164031021560f6f675ed9c47063c976bbe1782a32a_thumbnail_405x552.jpg,https://www.shein.com//SHEIN-Men-Drop-Shoulder-Heart-Letter-Pattern-Drawstring-Hoodie-p-7779992-cat-1974.html
4423871,1980,ROMWE Guys Letter Cartoon Graphic Tee,10.00,img.ltwebstatic.com/images3_pi/2021/03/30/1617086828fc7fc2ea6c6e3c67d373c0a552788938_thumbnail_405x552.jpg,https://www.shein.com//ROMWE-Guys-Letter-Cartoon-Graphic-Tee-p-4423871-cat-1980.html
6452712,1980,ROMWE Guys Colorblock Patched Tee,9.50,img.ltwebstatic.com/images3_pi/2021/10/13/163409634099d7e47eede272606ebc507d46d6c12d_thumbnail_405x552.jpg,https://www.shein.com//ROMWE-Guys-Colorblock-Patched-Tee-p-6452712-cat-1980.html
6876707,1980,Men Expression Print Tee,14.00,img.ltwebstatic.com/images3_pi/2021/11/05/1636107243f0103006abbecd2a7373f254ce8aa930_thumbnail_405x552.jpg,https://www.shein.com//Men-Expression-Print-Tee-p-6876707-cat-1980.html
7069722,1980,SHEIN Men Coconut Tree Tank Top,8.00,img.ltwebstatic.com/images3_pi/2021/11/25/16378047984b690c73bca1921462f1643ad1122aba_thumbnail_405x552.jpg,https://www.shein.com//SHEIN-Men-Coconut-Tree-Tank-Top-p-7069722-cat-1980.html
4583171,1978,Men Solid Tapered Pants,23.00,img.ltwebstatic.com/images3_pi/2021/10/28/1635397562635ee0816643b6ad43e19673f81d4b95_thumbnail_405x552.jpg,https://www.shein.com//Men-Solid-Tapered-Pants-p-4583171-cat-1978.html
7785227,1975,SHEIN Men Slogan & Leaves Print Tee & Drawstring Waist Shorts Set,24.00,img.ltwebstatic.com/images3_pi/2021/12/02/16384230606c8ee40738e1acec301cd827880d207a_thumbnail_405x552.jpg,https://www.shein.com//SHEIN-Men-Slogan-Leaves-Print-Tee-Drawstring-Waist-Shorts-Set-p-7785227-cat-1975.html
7159122,1979,SHEIN Men Notched Neck Buttoned Detail Shirt,10.00,img.ltwebstatic.com/images3_pi/2021/11/20/163738935282ed519abb00a4ee9478d44aa4ed5226_thumbnail_405x552.jpg,https://www.shein.com//SHEIN-Men-Notched-Neck-Buttoned-Detail-Shirt-p-7159122-cat-1979.html
6669272,1980,SHEIN Men Letter Print Round Neck T-Shirt,11.00,img.ltwebstatic.com/images3_pi/2021/11/05/1636074864c98ead586a79de59255833a28a614997_thumbnail_405x552.jpg,https://www.shein.com//SHEIN-Men-Letter-Print-Round-Neck-T-Shirt-p-6669272-cat-1980.html
3233085,1979,Men Vertical Striped Button Up Shirt,15.00,img.ltwebstatic.com/images3_pi/2021/09/06/1630907157f9f0c76eea01b1d7d901c1bbaf67ef77_thumbnail_405x552.jpg,https://www.shein.com//Men-Vertical-Striped-Button-Up-Shirt-p-3233085-cat-1979.html
4676522,1989,Men Solid Ripped Skinny Jeans,33.00,img.ltwebstatic.com/images3_pi/2021/10/11/16339156007ecaf9ad797942ad4c20869ea61af239_thumbnail_405x552.jpg,https://www.shein.com//Men-Solid-Ripped-Skinny-Jeans-p-4676522-cat-1989.html
4714122,1989,Men Solid Straight Leg Jeans,31.00,img.ltwebstatic.com/images3_pi/2021/09/27/16327248104cb9bc62ba030dce7161dc61e30e8c40_thumbnail_405x552.jpg,https://www.shein.com//Men-Solid-Straight-Leg-Jeans-p-4714122-cat-1989.html
3954976,1979,Men Button Front Solid Shirt,18.00,img.ltwebstatic.com/images3_pi/2021/09/13/16315091545921f52b884479a0ebda6370eb7f4f42_thumbnail_405x552.jpg,https://www.shein.com//Men-Button-Front-Solid-Shirt-p-3954976-cat-1979.html
8322642,1980,Men Slogan & Crane Print Tee,14.00,img.ltwebstatic.com/images3_pi/2021/12/09/163906334019ff9a65b6069404d583bc405beb9259_thumbnail_405x552.jpg,https://www.shein.com//Men-Slogan-Crane-Print-Tee-p-8322642-cat-1980.html
7162232,1975,SHEIN Men Solid Tee & Tie Waist Shorts Set,25.00,img.ltwebstatic.com/images3_pi/2021/11/25/16378050825f215b993ba91aea8010700015c18cf2_thumbnail_405x552.jpg,https://www.shein.com//SHEIN-Men-Solid-Tee-Tie-Waist-Shorts-Set-p-7162232-cat-1975.html
4369671,1989,Men Slant Pocket Jeans,34.00,img.ltwebstatic.com/images3_pi/2021/10/25/163512580049ad8b96dae55220a63604c437091130_thumbnail_405x552.jpg,https://www.shein.com//Men-Slant-Pocket-Jeans-p-4369671-cat-1989.html
7163067,1980,SHEIN Men Camo Print Raglan Sleeve Tee,11.00,img.ltwebstatic.com/images3_pi/2021/11/24/163773329257a8a5b8a632ff6ba7b2cbb301b4c5a3_thumbnail_405x552.jpg,https://www.shein.com//SHEIN-Men-Camo-Print-Raglan-Sleeve-Tee-p-7163067-cat-1980.html
3154971,1975,ROMWE Guys Bear Graphic Tee & Shorts,19.00,img.ltwebstatic.com/images3_pi/2020/12/19/16083450695f1946c3c08f20041b5608040a2b6784_thumbnail_405x552.jpg,https://www.shein.com//ROMWE-Guys-Bear-Graphic-Tee-Shorts-p-3154971-cat-1975.html
3207097,1979,Men Striped Colorblock Shirt,15.00,img.ltwebstatic.com/images3_pi/2021/07/21/162684535335f42cd6c33efaaed86838f060d6e535_thumbnail_405x552.jpg,https://www.shein.com//Men-Striped-Colorblock-Shirt-p-3207097-cat-1979.html
3214874,1979,Men Striped Print Shirt,15.00,img.ltwebstatic.com/images3_pi/2021/07/01/1625103876f9693daad357d024174f7353dbad7f7f_thumbnail_405x552.jpg,https://www.shein.com//Men-Striped-Print-Shirt-p-3214874-cat-1979.html
2979373,1979,Men Plaid Print Shirt,19.00,img.ltwebstatic.com/images3_pi/2021/06/25/16245984544295ecc579a56d4c75fef8e7138a411b_thumbnail_405x552.jpg,https://www.shein.com//Men-Plaid-Print-Shirt-p-2979373-cat-1979.html
3311548,1980,Men Color Block Pocket Front Tee,13.00,img.ltwebstatic.com/images3_pi/2021/08/27/163003032731d354f3a179685a0d9dc27191928375_thumbnail_405x552.jpg,https://www.shein.com//Men-Color-Block-Pocket-Front-Tee-p-3311548-cat-1980.html
6453117,1983,ROMWE Guys Letter Embroidery Colorblock Button Front Baseball Jacket,21.00,img.ltwebstatic.com/images3_pi/2021/10/12/163400455991aaf102c71ce9fdf8f546ee9b2fa72d_thumbnail_405x552.jpg,https://www.shein.com//ROMWE-Guys-Letter-Embroidery-Colorblock-Button-Front-Baseball-Jacket-p-6453117-cat-1983.html
3312101,1979,ROMWE Guys Floral Pattern Shirt,13.50,img.ltwebstatic.com/images3_pi/2020/12/14/16079096961beff9c86b9fceb046bea97e76fbc1bc_thumbnail_405x552.jpg,https://www.shein.com//ROMWE-Guys-Floral-Pattern-Shirt-p-3312101-cat-1979.html
3449941,1989,Men Light Wash Slant Pocket Jeans,28.00,img.ltwebstatic.com/images3_pi/2021/08/19/1629356867e7771218ad04561f48768555725af5f7_thumbnail_405x552.jpg,https://www.shein.com//Men-Light-Wash-Slant-Pocket-Jeans-p-3449941-cat-1989.html
3445086,1975,Men Wing Print Two Tone Tee & Joggers,28.00,img.ltwebstatic.com/images3_pi/2022/01/21/1642749603546faf11ed04c5797b11025d47f577be_thumbnail_405x552.jpg,https://www.shein.com//Men-Wing-Print-Two-Tone-Tee-Joggers-p-3445086-cat-1975.html
8239507,1975,Men Random Allover Print Shirt & Shorts,29.00,img.ltwebstatic.com/images3_pi/2021/12/09/16390153864b69fb9bba8ce8f3e73aed67e7b83192_thumbnail_405x552.jpg,https://www.shein.com//Men-Random-Allover-Print-Shirt-Shorts-p-8239507-cat-1975.html
4060086,1974,Men Color Block Thermal Pullover Without Necklace,19.00,img.ltwebstatic.com/images3_pi/2021/09/30/163298039028b0d5f857869a5907a25de6ccc5912b_thumbnail_405x552.jpg,https://www.shein.com//Men-Color-Block-Thermal-Pullover-Without-Necklace-p-4060086-cat-1974.html
6650537,1980,Men Slogan & Drink Print Tee,13.00,img.ltwebstatic.com/images3_pi/2021/11/02/1635815861686ac774437bb09e2152ab25fb97794b_thumbnail_405x552.jpg,https://www.shein.com//Men-Slogan-Drink-Print-Tee-p-6650537-cat-1980.html
3847326,1976,ROMWE Guys Letter Print Drawstring Track Shorts,10.00,img.ltwebstatic.com/images3_pi/2021/08/18/1629258781dbaed47fe2c29d7f48908849524975f8_thumbnail_405x552.jpg,https://www.shein.com//ROMWE-Guys-Letter-Print-Drawstring-Track-Shorts-p-3847326-cat-1976.html
3358958,1979,Men Pocket Patched Button Up Shirt,18.00,img.ltwebstatic.com/images3_pi/2021/08/19/1629339954d95eec9ceb79ddc5365a4a34835f7bcd_thumbnail_405x552.jpg,https://www.shein.com//Men-Pocket-Patched-Button-Up-Shirt-p-3358958-cat-1979.html
3511066,1974,Men Letter Graphic Drawstring Thermal Lined Hoodie,26.00,img.ltwebstatic.com/images3_pi/2021/10/16/1634369430b01bb8f7fce89c1364a079c2a0b5d996_thumbnail_405x552.jpg,https://www.shein.com//Men-Letter-Graphic-Drawstring-Thermal-Lined-Hoodie-p-3511066-cat-1974.html
2928506,1981,Men Two Tone Stripe Tape Polo Shirt,18.00,img.ltwebstatic.com/images3_pi/2021/07/13/1626107973530d6c4d0d8729b1b990a81c014fc82a_thumbnail_405x552.jpg,https://www.shein.com//Men-Two-Tone-Stripe-Tape-Polo-Shirt-p-2928506-cat-1981.html
2847750,1975,Men Letter Graphic Tee & Colorblock Track Shorts,24.00,img.ltwebstatic.com/images3_pi/2021/06/15/16237252127837af2954f96496a067a169001fab78_thumbnail_405x552.jpg,https://www.shein.com//Men-Letter-Graphic-Tee-Colorblock-Track-Shorts-p-2847750-cat-1975.html
3757401,2025,Men Anchor Print Letter Patched Drawstring Waist Swim Trunks,16.00,img.ltwebstatic.com/images3_pi/2021/10/27/163529977514d096dd60231c19bd9bddb49360201a_thumbnail_405x552.jpg,https://www.shein.com//Men-Anchor-Print-Letter-Patched-Drawstring-Waist-Swim-Trunks-p-3757401-cat-2025.html
2655469,2988,Men 2pack Drawstring Waist Sweatpants,26.00,img.ltwebstatic.com/images3_pi/2021/05/10/16206302622225d045d42e0acf78636309d1eadbe3_thumbnail_405x552.jpg,https://www.shein.com//Men-2pack-Drawstring-Waist-Sweatpants-p-2655469-cat-2988.html
6253862,1980,ROMWE Guys Letter Butterfly Graphic Tee,11.00,img.ltwebstatic.com/images3_pi/2021/09/06/1630898976bb2ab8fc1f4dac6daf6441d7f62b490f_thumbnail_405x552.jpg,https://www.shein.com//ROMWE-Guys-Letter-Butterfly-Graphic-Tee-p-6253862-cat-1980.html
3669916,1989,Men Solid Wide Leg Jeans,36.00,img.ltwebstatic.com/images3_pi/2021/09/13/16315083008ff0f42f45f5c4ed67c146c2e8dce60b_thumbnail_405x552.jpg,https://www.shein.com//Men-Solid-Wide-Leg-Jeans-p-3669916-cat-1989.html
3378251,1976,ROMWE Guys Letter Graphic Drawstring Shorts 7'',9.00,img.ltwebstatic.com/images3_pi/2021/02/26/16143063722cffe7eca8a3fe8657789bfc2398a7f6_thumbnail_405x552.jpg,https://www.shein.com//ROMWE-Guys-Letter-Graphic-Drawstring-Shorts-7-p-3378251-cat-1976.html
3312232,1976,ROMWE Guys 2pcs Drawstring Waist Shorts 7'',16.95,img.ltwebstatic.com/images3_pi/2020/07/02/1593678701eed28b3336d3bc20e13bc32215919786_thumbnail_405x552.jpg,https://www.shein.com//ROMWE-Guys-2pcs-Drawstring-Waist-Shorts-7-p-3312232-cat-1976.html
4295916,1980,Men Cup Print Tee,13.00,img.ltwebstatic.com/images3_pi/2021/09/13/1631520164d327ece803eef98d8a4a9663d3cd4911_thumbnail_405x552.jpg,https://www.shein.com//Men-Cup-Print-Tee-p-4295916-cat-1980.html
3155000,1980,ROMWE Guys Letter Rose Graphic Tee,10.00,img.ltwebstatic.com/images3_pi/2021/03/19/1616139479b0653987c49a34fa1f937ea1694952d2_thumbnail_405x552.jpg,https://www.shein.com//ROMWE-Guys-Letter-Rose-Graphic-Tee-p-3155000-cat-1980.html
3207248,1980,ROMWE Guys Astronaut Graphic Tee,10.00,img.ltwebstatic.com/images3_pi/2021/02/19/161371668971394bf80dca57041926b6b33f4c804c_thumbnail_405x552.jpg,https://www.shein.com//ROMWE-Guys-Astronaut-Graphic-Tee-p-3207248-cat-1980.html
2798470,1980,ROMWE Guys Tie Dye Tee,12.00,img.ltwebstatic.com/images3_pi/2021/01/21/1611192738e69ae4c1d6d92259c4435e484444757f_thumbnail_405x552.jpg,https://www.shein.com//ROMWE-Guys-Tie-Dye-Tee-p-2798470-cat-1980.html
7782132,2988,SHEIN Men Heart And Letter Graphic Joggers,24.00,img.ltwebstatic.com/images3_pi/2021/12/24/1640310047e5efb582b754d4eddccedfbfbba72332_thumbnail_405x552.jpg,https://www.shein.com//SHEIN-Men-Heart-And-Letter-Graphic-Joggers-p-7782132-cat-2988.html
7716647,1975,Men Random Tropical Print Shirt & Drawstring Waist Shorts Without Tee,26.00,img.ltwebstatic.com/images3_pi/2021/11/26/16378983675f841e023672f91d97d2594d5f9c586a_thumbnail_405x552.jpg,https://www.shein.com//Men-Random-Tropical-Print-Shirt-Drawstring-Waist-Shorts-Without-Tee-p-7716647-cat-1975.html
2430537,2025,Men Tropical Print Drawstring Waist Swim Trunks,14.00,img.ltwebstatic.com/images3_pi/2021/04/06/1617674105812767848c17e8a41f6ec4ed8b823870_thumbnail_405x552.jpg,https://www.shein.com//Men-Tropical-Print-Drawstring-Waist-Swim-Trunks-p-2430537-cat-2025.html
6447427,1979,Men Corduroy Flap Pocket Button Up Shirt,23.00,img.ltwebstatic.com/images3_pi/2021/10/29/1635489959d4d73d40409597db2dd89ac4863e3878_thumbnail_405x552.jpg,https://www.shein.com//Men-Corduroy-Flap-Pocket-Button-Up-Shirt-p-6447427-cat-1979.html
2857667,1981,Men Half Button Mock Neck Polo Shirt,17.00,img.ltwebstatic.com/images3_pi/2021/07/29/162752218041fb4bc4c309e504c7b7a325f37b3a6a_thumbnail_405x552.jpg,https://www.shein.com//Men-Half-Button-Mock-Neck-Polo-Shirt-p-2857667-cat-1981.html
3510959,1983,Men Solid Zip Up Bomber Jacket,35.00,img.ltwebstatic.com/images3_pi/2021/09/18/1631957929edba37a4ff1a50af118140d70ca0e853_thumbnail_405x552.jpg,https://www.shein.com//Men-Solid-Zip-Up-Bomber-Jacket-p-3510959-cat-1983.html
3207250,1980,ROMWE Letter Tie Dye Tee,12.00,img.ltwebstatic.com/images3_pi/2021/04/26/161942417239301f54fa5c9a5f87f53cdd2caff292_thumbnail_405x552.jpg,https://www.shein.com//ROMWE-Letter-Tie-Dye-Tee-p-3207250-cat-1980.html
3155014,1980,ROMWE Guys Letter Graphic Tee,8.50,img.ltwebstatic.com/images3_pi/2020/05/29/15907286909f344f9ac424c8e634869e97ee9976a7_thumbnail_405x552.jpg,https://www.shein.com//ROMWE-Guys-Letter-Graphic-Tee-p-3155014-cat-1980.html
2622363,1975,SHEIN Men Ombre Button Up Shirt & Shorts Set,29.00,img.ltwebstatic.com/images3_pi/2021/06/04/162277500579b585abf0a424f68dfd812ffa31dc23_thumbnail_405x552.jpg,https://www.shein.com//SHEIN-Men-Ombre-Button-Up-Shirt-Shorts-Set-p-2622363-cat-1975.html
2965616,1975,SHEIN Men Palm Tree & Letter Graphic Tee And Drawstring Waist Shorts,21.00,img.ltwebstatic.com/images3_pi/2021/07/05/16254682391c282d941f19effb40050de944c9f578_thumbnail_405x552.jpg,https://www.shein.com//SHEIN-Men-Palm-Tree-Letter-Graphic-Tee-And-Drawstring-Waist-Shorts-p-2965616-cat-1975.html
3220371,1976,Men Patched Drawstring Shorts,14.00,img.ltwebstatic.com/images3_pi/2021/08/02/1627890791f41216e27c3540fe3392357e1f6f8e5c_thumbnail_405x552.jpg,https://www.shein.com//Men-Patched-Drawstring-Shorts-p-3220371-cat-1976.html
2384057,1980,SHEIN Men Colorblock Raglan Sleeve Letter Graphic Tee,10.00,img.ltwebstatic.com/images3_pi/2021/04/13/1618277017924a0c3d277c041e718af83c685bafae_thumbnail_405x552.jpg,https://www.shein.com//SHEIN-Men-Colorblock-Raglan-Sleeve-Letter-Graphic-Tee-p-2384057-cat-1980.html
8083312,1980,ROMWE Guys Letter Graphic Tee,12.00,img.ltwebstatic.com/images3_pi/2021/11/19/1637303666feca10181c1c618b5f737649a0706509_thumbnail_405x552.jpg,https://www.shein.com//ROMWE-Guys-Letter-Graphic-Tee-p-8083312-cat-1980.html
6824532,1981,SHEIN Men Giraffe Embroidered Polo Shirt,14.00,img.ltwebstatic.com/images3_pi/2022/01/07/16415274821dca8f45bf22f324b3aac51f435934f6_thumbnail_405x552.jpg,https://www.shein.com//SHEIN-Men-Giraffe-Embroidered-Polo-Shirt-p-6824532-cat-1981.html
5120462,1980,Men Cartoon Bear Print Tee,13.00,img.ltwebstatic.com/images3_pi/2021/09/28/16327955209f21d5f44438a7b5c073ec2107cc2975_thumbnail_405x552.jpg,https://www.shein.com//Men-Cartoon-Bear-Print-Tee-p-5120462-cat-1980.html
2176286,1976,SHEIN Men Drawstring Waist Striped Shorts,13.00,img.ltwebstatic.com/images3_pi/2021/02/01/1612157159bd0697b9abd5450473e12942ea6b2957_thumbnail_405x552.jpg,https://www.shein.com//SHEIN-Men-Drawstring-Waist-Striped-Shorts-p-2176286-cat-1976.html
7609252,1981,Men Crown & Letter Graphic Colorblock Polo Shirt,16.00,img.ltwebstatic.com/images3_pi/2021/12/06/1638780875c5997d854265e38c30e8a1f5fb1a941e_thumbnail_405x552.jpg,https://www.shein.com//Men-Crown-Letter-Graphic-Colorblock-Polo-Shirt-p-7609252-cat-1981.html
3553086,1980,Men Figure Graphic Tee,13.00,img.ltwebstatic.com/images3_pi/2021/08/30/1630320432e943ffbbf417f60e7b4ad0988b103ef8_thumbnail_405x552.jpg,https://www.shein.com//Men-Figure-Graphic-Tee-p-3553086-cat-1980.html
3207264,1976,ROMWE Guys Tie Dye Shorts 7'',8.95,img.ltwebstatic.com/images3_pi/2020/07/13/1594606702a7c88623aa6d3f775de99f9f8ef2f588_thumbnail_405x552.jpg,https://www.shein.com//ROMWE-Guys-Tie-Dye-Shorts-7-p-3207264-cat-1976.html
2794391,2025,Men Tropical Print Drawstring Swim Shorts,12.00,img.ltwebstatic.com/images3_pi/2021/06/21/16242450871b51896eb6dd299135b8c134364cfaf3_thumbnail_405x552.jpg,https://www.shein.com//Men-Tropical-Print-Drawstring-Swim-Shorts-p-2794391-cat-2025.html
8160982,1980,SHEIN Men Notched Neck Button Tee,9.00,img.ltwebstatic.com/images3_pi/2021/12/23/1640239659d90d68b8db4ce0a80e314d9cac86fb40_thumbnail_405x552.jpg,https://www.shein.com//SHEIN-Men-Notched-Neck-Button-Tee-p-8160982-cat-1980.html
3207335,1980,ROMWE Guys Wave Graphic Tee,9.95,img.ltwebstatic.com/images3_pi/2020/12/01/1606790497347a0a273ed6d0af759c608c1e3aa2fd_thumbnail_405x552.jpg,https://www.shein.com//ROMWE-Guys-Wave-Graphic-Tee-p-3207335-cat-1980.html
3158091,1978,Men Plaid Pocket Side Pants,26.00,img.ltwebstatic.com/images3_pi/2021/07/30/1627610732ff0f54353ad531acbf218fbdbccac919_thumbnail_405x552.jpg,https://www.shein.com//Men-Plaid-Pocket-Side-Pants-p-3158091-cat-1978.html
1952080,2025,Men Shark Print Drawstring Swim Trunks,16.00,img.ltwebstatic.com/images3_pi/2020/12/08/1607395981eeab1074bbe8254bfe6885d96c30a404_thumbnail_405x552.jpg,https://www.shein.com//Men-Shark-Print-Drawstring-Swim-Trunks-p-1952080-cat-2025.html
2763547,1980,Men Graphic Print High Low Tee,12.00,img.ltwebstatic.com/images3_pi/2021/05/31/16224321311564023b52e5f0be1ac3744a477aa45e_thumbnail_405x552.jpg,https://www.shein.com//Men-Graphic-Print-High-Low-Tee-p-2763547-cat-1980.html
2482307,1980,Men Figure And River Sight Print Tee,12.00,img.ltwebstatic.com/images3_pi/2021/06/28/1624853803465f4473dc6bee69013cc12dd11ee28a_thumbnail_405x552.jpg,https://www.shein.com//Men-Figure-And-River-Sight-Print-Tee-p-2482307-cat-1980.html
2532628,1980,Men Heart Print Tank Top,9.00,img.ltwebstatic.com/images3_pi/2021/04/20/1618902185f5bc4a7603bf4bba30adae20296ec34a_thumbnail_405x552.jpg,https://www.shein.com//Men-Heart-Print-Tank-Top-p-2532628-cat-1980.html
2397701,2025,Men Tropical Print Swim Trunks,12.00,img.ltwebstatic.com/images3_pi/2021/04/07/161776188336ac90d95b4055a2730d81571ec01dae_thumbnail_405x552.jpg,https://www.shein.com//Men-Tropical-Print-Swim-Trunks-p-2397701-cat-2025.html
1971001,1979,SHEIN UNISEX 1pc Vertical Striped Button Up Shirt,15.00,img.ltwebstatic.com/images3_pi/2021/02/22/1613984945ae5399fe0deaa5ef7749d1ec4068c108_thumbnail_405x552.jpg,https://www.shein.com//SHEIN-UNISEX-1pc-Vertical-Striped-Button-Up-Shirt-p-1971001-cat-1979.html
4069006,1979,Men Argyle Print Button Up Shirt,14.00,img.ltwebstatic.com/images3_pi/2021/09/14/1631586664195c3e1112d053381259f3725593db08_thumbnail_405x552.jpg,https://www.shein.com//Men-Argyle-Print-Button-Up-Shirt-p-4069006-cat-1979.html
7746202,1979,Men Color Block Shirt Without Tee,17.00,img.ltwebstatic.com/images3_pi/2021/11/30/1638277129a8f10a1393c4f56be6006c8725331f0f_thumbnail_405x552.jpg,https://www.shein.com//Men-Color-Block-Shirt-Without-Tee-p-7746202-cat-1979.html
3154966,1980,ROMWE Guys Figure Graphic Tee,8.95,img.ltwebstatic.com/images3_pi/2021/11/09/16364211634f7c4d80473b24c89a69e1ecdbbd11f6_thumbnail_405x552.jpg,https://www.shein.com//ROMWE-Guys-Figure-Graphic-Tee-p-3154966-cat-1980.html
3154960,1976,ROMWE Guys Striped Black Shorts 7'',7.95,img.ltwebstatic.com/images3_pi/2020/04/14/15868789330e4e763517f8e7b20d5c74342fd9d464_thumbnail_405x552.jpg,https://www.shein.com//ROMWE-Guys-Striped-Black-Shorts-7-p-3154960-cat-1976.html
3123240,1979,Men All Over Print Button Front Shirt,16.00,img.ltwebstatic.com/images3_pi/2021/07/02/1625224348b8d9466f24b68756312ebcb0f5c65836_thumbnail_405x552.jpg,https://www.shein.com//Men-All-Over-Print-Button-Front-Shirt-p-3123240-cat-1979.html
3418371,1979,ROMWE Guys Colorblock Button Front Pocket Shirt,13.00,img.ltwebstatic.com/images3_pi/2021/05/27/16220960250af1a8fbbd978b06b1ad2ee72976ce39_thumbnail_405x552.jpg,https://www.shein.com//ROMWE-Guys-Colorblock-Button-Front-Pocket-Shirt-p-3418371-cat-1979.html
3236408,1979,ROMWE Guys Coconut Tree Graphic Striped Button Front Shirt,13.50,img.ltwebstatic.com/images3_pi/2021/04/21/161897195922375111e2c36cc163df87507a39a9ca_thumbnail_405x552.jpg,https://www.shein.com//ROMWE-Guys-Coconut-Tree-Graphic-Striped-Button-Front-Shirt-p-3236408-cat-1979.html
3207252,1980,ROMWE Guys Rose & Snake Graphic Tee,10.00,img.ltwebstatic.com/images3_pi/2021/01/06/1609911985272a111cc855fca14160535e0dd2a78d_thumbnail_405x552.jpg,https://www.shein.com//ROMWE-Guys-Rose-Snake-Graphic-Tee-p-3207252-cat-1980.html
3072478,1980,SHEIN Men Striped Patched Detail Tee,10.00,img.ltwebstatic.com/images3_pi/2021/07/30/16276489837dd2c777613922bd9715dec5e45ee7b9_thumbnail_405x552.jpg,https://www.shein.com//SHEIN-Men-Striped-Patched-Detail-Tee-p-3072478-cat-1980.html
2832874,2988,Men Drawstring Waist Slant Pocket Sweatpants,16.00,img.ltwebstatic.com/images3_pi/2021/06/22/1624334429a901d0f08f90a63ad12490e938aa3d9b_thumbnail_405x552.jpg,https://www.shein.com//Men-Drawstring-Waist-Slant-Pocket-Sweatpants-p-2832874-cat-2988.html
3096431,1980,SHEIN Men Solid Crew Neck Tee,9.00,img.ltwebstatic.com/images3_pi/2021/07/21/16268394420facda2834a140581d3b8b0373e05daf_thumbnail_405x552.jpg,https://www.shein.com//SHEIN-Men-Solid-Crew-Neck-Tee-p-3096431-cat-1980.html
6824662,1979,SHEIN Men All Over Print Shirt,15.00,img.ltwebstatic.com/images3_pi/2021/11/27/16379773640f987509bef95cf95edd3bf3f368e1f4_thumbnail_405x552.jpg,https://www.shein.com//SHEIN-Men-All-Over-Print-Shirt-p-6824662-cat-1979.html
2798464,1980,ROMWE Colorblock Letter Graphic Tee,13.00,img.ltwebstatic.com/images3_pi/2021/04/26/1619424172dfd136182b3dc36b9acd80f7d59fdcf5_thumbnail_405x552.jpg,https://www.shein.com//ROMWE-Colorblock-Letter-Graphic-Tee-p-2798464-cat-1980.html
2914698,1979,Men Graphic Print Button Through Shirt,15.00,img.ltwebstatic.com/images3_pi/2021/06/21/1624213285fe531d073a2422483fb0aa8b31a7543a_thumbnail_405x552.jpg,https://www.shein.com//Men-Graphic-Print-Button-Through-Shirt-p-2914698-cat-1979.html
2691774,1988,Men Ripped Denim Shorts,22.00,img.ltwebstatic.com/images3_pi/2021/05/14/16209767799635dcac945b1c5fb3e57f95fb55c589_thumbnail_405x552.jpg,https://www.shein.com//Men-Ripped-Denim-Shorts-p-2691774-cat-1988.html
2864582,1979,Men Tie Dye Button Through Shirt,16.00,img.ltwebstatic.com/images3_pi/2021/06/15/16237232881750209aa98b7d800d24b599bb5c3ab9_thumbnail_405x552.jpg,https://www.shein.com//Men-Tie-Dye-Button-Through-Shirt-p-2864582-cat-1979.html
2459652,1980,SHEIN Men Letter Taped Tee,13.00,img.ltwebstatic.com/images3_pi/2021/04/13/1618276644de8d8d9cc8fa0b10fc31bac57c748c07_thumbnail_405x552.jpg,https://www.shein.com//SHEIN-Men-Letter-Taped-Tee-p-2459652-cat-1980.html
4741062,1974,Men Letter Graphic Colorblock Thermal Lined Sweatshirt,19.00,img.ltwebstatic.com/images3_pi/2021/12/08/16389520490ea930a9631566b4890717f43a1b611b_thumbnail_405x552.jpg,https://www.shein.com//Men-Letter-Graphic-Colorblock-Thermal-Lined-Sweatshirt-p-4741062-cat-1974.html
2336634,1975,Extended Sizes Men Color-block Letter Graphic Tee & Drawstring Track Shorts,24.00,img.ltwebstatic.com/images3_pi/2021/04/07/1617785120c65134b6fb4499a272138e0f8eead8ce_thumbnail_405x552.jpg,https://www.shein.com//Extended-Sizes-Men-Color-block-Letter-Graphic-Tee-Drawstring-Track-Shorts-p-2336634-cat-1975.html
4795192,1978,Men Plaid Tapered Pants,22.00,img.ltwebstatic.com/images3_pi/2021/10/12/1634017723511d9216b92b8125d4b170782b8a1c3e_thumbnail_405x552.jpg,https://www.shein.com//Men-Plaid-Tapered-Pants-p-4795192-cat-1978.html
8206232,1980,Men Figure Graphic Tee,10.00,img.ltwebstatic.com/images3_pi/2021/12/13/16393862510805aa06a7d14f2aa73b81eb1d388c7b_thumbnail_405x552.jpg,https://www.shein.com//Men-Figure-Graphic-Tee-p-8206232-cat-1980.html
2178336,2025,Men Striped Drawstring Waist Swim Trunks,16.00,img.ltwebstatic.com/images3_pi/2021/05/18/162130880467550a969e00d03fb2b4513d30761c44_thumbnail_405x552.jpg,https://www.shein.com//Men-Striped-Drawstring-Waist-Swim-Trunks-p-2178336-cat-2025.html
3133292,1980,SHEIN Men Contrast Trim Letter Graphic Mesh Tank Top,9.00,img.ltwebstatic.com/images3_pi/2021/07/28/16274506277ddef46b17235dad1769c7e48338442f_thumbnail_405x552.jpg,https://www.shein.com//SHEIN-Men-Contrast-Trim-Letter-Graphic-Mesh-Tank-Top-p-3133292-cat-1980.html
5052972,1980,Wild Heart Collection Men 3D Panda Print Tee,14.99,img.ltwebstatic.com/images3_pi/2021/10/20/16347080848b89d1bd17b84d3e9e0e7d4f0da6830c_thumbnail_405x552.jpg,https://www.shein.com//Wild-Heart-Collection-Men-3D-Panda-Print-Tee-p-5052972-cat-1980.html
6823367,1980,SHEIN Men Contrast Trim Two Tone Top,15.00,img.ltwebstatic.com/images3_pi/2021/11/13/163676870228373eaee4ebb26e698ed15fab4f0513_thumbnail_405x552.jpg,https://www.shein.com//SHEIN-Men-Contrast-Trim-Two-Tone-Top-p-6823367-cat-1980.html
3034947,1980,SHEIN Men Letter Graphic Mesh Ringer Tank Top,11.00,img.ltwebstatic.com/images3_pi/2021/07/14/1626255922e726c4b7a03c4eed4f6721e5b0b1e382_thumbnail_405x552.jpg,https://www.shein.com//SHEIN-Men-Letter-Graphic-Mesh-Ringer-Tank-Top-p-3034947-cat-1980.html
3133281,1980,SHEIN Men Short Sleeve Marled Tee,9.00,img.ltwebstatic.com/images3_pi/2021/08/02/162791021468b26bbd5943ff5127c7899ced374160_thumbnail_405x552.jpg,https://www.shein.com//SHEIN-Men-Short-Sleeve-Marled-Tee-p-3133281-cat-1980.html
2939784,1979,Men Patched Pocket Shirt,20.00,img.ltwebstatic.com/images3_pi/2021/12/24/16403394814cc2fed00bb2164d1cb76445816cdadf_thumbnail_405x552.jpg,https://www.shein.com//Men-Patched-Pocket-Shirt-p-2939784-cat-1979.html
3365409,1975,ROMWE Guys Letter Tropical Graphic Tee & Shorts,20.00,img.ltwebstatic.com/images3_pi/2021/06/22/16243409134952b4001507c4162a557566625bebc1_thumbnail_405x552.jpg,https://www.shein.com//ROMWE-Guys-Letter-Tropical-Graphic-Tee-Shorts-p-3365409-cat-1975.html
2313343,1980,SHEIN Men Pineapple and Plants Print Top,12.00,img.ltwebstatic.com/images3_pi/2021/04/14/1618387700d07cd5c955c6349de1b8710cfbcd233c_thumbnail_405x552.jpg,https://www.shein.com//SHEIN-Men-Pineapple-and-Plants-Print-Top-p-2313343-cat-1980.html
2965913,1980,SHEIN Men Striped & Letter Patch Detail Tee,12.00,img.ltwebstatic.com/images3_pi/2021/11/01/1635735293d655151f44fb943060e7384ad73fe576_thumbnail_405x552.jpg,https://www.shein.com//SHEIN-Men-Striped-Letter-Patch-Detail-Tee-p-2965913-cat-1980.html
3062137,1975,Men Letter Graphic Tee With Shorts,19.00,img.ltwebstatic.com/images3_pi/2022/01/10/16417855322d4757a4c78f48f0b53649a7a054bc50_thumbnail_405x552.jpg,https://www.shein.com//Men-Letter-Graphic-Tee-With-Shorts-p-3062137-cat-1975.html
